[
  {
    "avatar": [        
"https://i.imgur.com/h4M2CZR.jpg",
"https://i.imgur.com/YvtMInp.jpg"
    ],
    "character": "destiny x takt",
    "anime": "takt op. destiny"
  },
  {
    "avatar": [
"https://i.imgur.com/obAvbKA.jpg",
"https://i.imgur.com/c1ZxMhc.jpg"
    ],
    "character": "shikimori x izumi",
    "anime": "kawaii dake ja nai shikimori-san"
  },
  {
    "avatar": [
"https://i.imgur.com/qXEffPR.jpg",
"https://i.imgur.com/GWDc1mv.jpg"
    ],
    "character": "subaru x emilia",
    "anime": "re:zero kara hajimeru isekai seikatsu"
  },
  {
    "avatar": [
"https://i.imgur.com/hmkoFII.jpg",
"https://i.imgur.com/Xl1kVkO.jpg"
    ],
    "character": "mochizou x tamako",
    "anime": "tamako market"
  },
  {
    "avatar": [
"https://i.imgur.com/B3Y7nw9.jpg",
"https://i.imgur.com/Ywlhax2.jpg"
    ],
    "character": "sakuta x mai",
    "anime": "seishun buta yarou wa bunny girl senpai no yume wo minai"
  },
  {
    "avatar": [
"https://i.imgur.com/d0sQFcB.jpg",
"https://i.imgur.com/opaUuYy.jpg"
    ],
    "character": "sakuta x mai",
    "anime": "seishun buta yarou wa bunny girl senpai no yume wo minai"
  },
  {
    "avatar": [
"https://i.imgur.com/6qcAaid.jpg",
"https://i.imgur.com/HdX2YF6.jpg"
    ],
    "character": "mai x sakuta",

      "anime": "seishun buta yarou wa bunny girl senpai no yume wo minai"
  },
  {
    "avatar": [
"https://i.imgur.com/ywYc69v.jpg",
"https://i.imgur.com/pGSGHeT.jpg"
    ],
    "character": "siesta x kimihiko",
    "anime": "tantei wa mou, shindeiru"
  },
  {
    "avatar": [
"https://i.imgur.com/B3trXAr.jpg",
"https://i.imgur.com/tWxDPLD.jpg"
    ],
    "character": "mahiru x amane",
    "anime": "otonari no tenshi-sama ni itsunomanika dame ningen ni sareteita ken"
  },
  {
    "avatar": [
"https://i.imgur.com/ojwdLvk.jpg",
"https://i.imgur.com/tfL79rU.jpg"
    ],
    "character": "kei x kiyotaka",
    "anime": "youkoso jitsuryoku shijou shugi no kyoushitsu e"
  },
  {
    "avatar": [
"https://i.imgur.com/hQLEMMs.jpg",
"https://i.imgur.com/l3MBej9.jpg"
    ],
    "character": "hirotaka x narumi",
    "anime": "wotaku ni koi wa muzukashii"
  },
  {
    "avatar": [
"https://i.imgur.com/bYrgKUs.jpg",
"https://i.imgur.com/6OaGAyg.jpg"
    ],
    "character": "loid x yor",
    "anime": "spy x family"
  },
  {
    "avatar": [
"https://i.imgur.com/49JMQIX.jpg",
"https://i.imgur.com/q4CTI0i.jpg"
    ],
    "character": "yor x loid",
    "anime": "spy x family"
  },
  {
    "avatar": [
"https://i.imgur.com/HFYhar9.jpg",
"https://i.imgur.com/PTraL7X.jpg"
    ],
    "character": "yor x loid",
    "anime": "spy x family"
  },
  {
    "avatar": [
"https://i.imgur.com/YHGvvIx.jpg",
"https://i.imgur.com/DxpkPpR.jpg"
    ],
    "character": "makima x denji",
    "anime": "chainsaw man"
  },
  {
    "avatar": [
"https://i.imgur.com/78HO5Ck.jpg",
"https://i.imgur.com/3YK0KsN.jpg"
    ],
    "character": "siesta x kimihiko",
    "anime": "tantei wa mou, shindeiru"
  },
  {
    "avatar": [
"https://i.imgur.com/60fJujb.jpg",
"https://i.imgur.com/1tF3Utn.jpg"
    ],
    "character": "mizuto x yume",
    "anime": "mamahaha no tsurego ga motokano datta"
  },
  {
    "avatar": [
"https://i.imgur.com/8GkTsVT.jpg",
"https://i.imgur.com/KJCLJQY.jpg"
    ],
    "character": "mizuto x yume",
    "anime": "mamahaha no tsurego ga motokano datta"
  },
  {
    "avatar": [
"https://i.imgur.com/ERyMHxB.jpg",
"https://i.imgur.com/LMha86v.jpg"
    ],
    "character": "mizuto x yume",
    "anime": "mamahaha no tsurego ga motokano datta"
  },
  {
    "avatar": [
"https://i.imgur.com/Hq9vOLU.jpg",
"https://i.imgur.com/OOHFluX.jpg"
    ],
    "character": "mahiru x amane",
    "anime": "otonari no tenshi-sama ni itsunomanika dame ningen ni sareteita ken"
  },
  {
    "avatar": [
"https://i.imgur.com/Hgm6oQx.jpg",
"https://i.imgur.com/dqnOdSo.jpg"
    ],
    "character": "mahiru x amane",
    "anime": "otonari no tenshi-sama ni itsunomanika dame ningen ni sareteita ken"
  },
  {
    "avatar": [      
"https://i.imgur.com/hNdJjqs.jpg",
"https://i.imgur.com/qL4hdoa.jpg"
    ],
    "character": "kiyotaka x kei",
    "anime": "youkoso jitsuryoku shijou shugi no kyoushitsu e"
  },
  {
    "avatar": [
"https://i.imgur.com/uvO4f7m.jpg",
"https://i.imgur.com/Q6H1r15.jpg"
    ],
    "character": "suzune x kiyotaka",
    "anime": "youkoso jitsuryoku shijou shugi no kyoushitsu e"
  },
  {
    "avatar": [
"https://i.imgur.com/LNYKtsh.jpg",
"https://i.imgur.com/FobOfE8.jpg"
    ],
    "character": "kiyotaka x suzune",
    "anime": "youkoso jitsuryoku shijou shugi no kyoushitsu e"
  },
  {
    "avatar": [
"https://i.imgur.com/Q2tf2pi.jpg",
"https://i.imgur.com/XnHNuCD.jpg"
    ],
    "character": "yukino x hachiman",
    "anime": "yahari ore no seishun love comedy wa machigatteiru"
  },
  {
    "avatar": [
"https://i.imgur.com/8fZMFt5.jpg",
"https://i.imgur.com/nYF8HQb.jpg"
    ],
    "character": "yukino x hachiman",
    "anime": "yahari ore no seishun love comedy wa machigatteiru"
  },
  {
    "avatar": [
"https://i.imgur.com/PalzN1b.jpg",
"https://i.imgur.com/S1G1lbf.jpg"
    ],
    "character": "shido x kurumi",
    "anime": "date a live"
  },
  {
    "avatar": [
"https://i.imgur.com/P2w9dj8.jpg",
"https://i.imgur.com/5ZTb1co.jpg"
    ],
    "character": "nino x fuutaru",
    "anime": "gotoubun no hanayome"
  },
  {
    "avatar": [
"https://i.imgur.com/z48WCpx.jpg",
"https://i.imgur.com/LlhweZY.jpg"
    ],
    "character": "nino x fuutaru",
    "anime": "gotoubun no hanayome"
  },
  {
    "avatar": [
"https://i.imgur.com/aZq5Juf.jpg",
"https://i.imgur.com/HEbjKX4.jpg"
    ],
    "character": "siesta x kimihiko",
    "anime": "tantei wa mou, shindeiru"
  }
]